id;is_admin;created_by;created_date;last_modified_by;last_modified_date;user_id;conversation_id
2ee17a8b-a52c-4f57-af70-4f8bd1b340a6;true;united;2024-07-04T06:41:06;atrophy menopause since;2024-07-03T14:16:41;1;2d4a0486-a9d1-490d-9265-1da97d87614f
090f416b-58bf-4f4d-9c45-072d929da52e;false;considering kick palace;2024-07-04T04:06:53;insecure suddenly;2024-07-04T08:15:34;2;d13cc8dd-e8a2-4d8f-867d-a4cacbebb9de
ebe124b5-40c2-4871-8212-4bf04952fb18;true;quickly hundred signal;2024-07-03T15:56:13;hijack;2024-07-03T11:42:40;1;57469496-1e33-42c3-877a-a721a1abf2ad
596430b2-85e5-4093-8b15-9c3869133766;true;considerate oh;2024-07-04T05:09:28;how however;2024-07-03T17:24:52;1;b2d8b1aa-ea70-4e5c-af32-f46cd012bd84
6b9ca1ef-1f02-4622-ae2c-f1c9e22f8407;true;aw hmph brr;2024-07-04T05:07:19;because;2024-07-04T01:29:46;2;7aa62a5a-2674-40ca-8998-37623379bcc4
d4baeb1d-a1fa-4229-8ce8-12badeb48dc5;false;blush oof;2024-07-03T18:55:19;astride last;2024-07-04T07:39:17;2;f4dbef76-db4f-4437-96d7-f12dde875001
6921b3dd-be28-49e5-8f07-d38f30939e73;false;tricky;2024-07-04T04:30:08;at gee clamber;2024-07-03T12:18:08;1;0c3baf11-a64b-4be4-87cb-ea0a68b98329
8f7f21ee-2e5d-47fc-960f-8be2298085c5;false;frightfully astride;2024-07-04T05:48:38;finally doubtfully polite;2024-07-03T15:15:55;2;d8209825-9f8f-43f0-b032-c8e09dbdf544
938977ca-a2cb-454c-b00b-7e81cf7101b5;true;bonus outside trim;2024-07-04T07:35:28;abaft;2024-07-04T00:31:39;1;6bb7de09-45b7-4238-9927-fd6c752a5647
9b8bb737-7d16-4ad3-88eb-7b174b7b85a3;false;order;2024-07-03T23:42:33;home the apt;2024-07-04T01:47:37;1;1a4adc38-3872-42fc-ba04-92d4b98f5c02
